E101,Marie Gordon,C,C++,Embedded Systems Development
E102,Charlie Spencer,Swift,iOS,Mobile App Development
E103,Lillie Jackson,Objective C,Swift,iOS
E104,Hugh Hunt,Objective C,Swift,iOS
E105,Elise Butler,Swift,iOS,Mobile Development
E106,James Long,C,C++,Embedded Systems Development
E107,Alexander Gibson,Java,Android,Mobile App Development
E108,Lydia Graham,Java,Android,Mobile App Development
E109,Anna Willis,C,C++,Embedded Systems Development
E110,Luke Wallace,Objective C,Swift,iOS
E111,Angela Fox,C,C++,Embedded Systems Development
E112,Freya Thompson,Java,Android,Mobile App Development
E113,April Moore,C,C++,Embedded Systems Development
E114,Tobias Nguyen,Java,Android,Mobile App Development
E115,Mia Warren,Swift,iOS,Mobile App Development
E116,Imogen O'Sullivan,Swift,iOS,Mobile App Development
E117,Dennis Webb,React Native,iOS,Android
E118,Lillie Howard,React Native,iOS,Android
E119,Tara Hunt,React Native,iOS,Android,Mobile App Development
E120,Lillie Jackson,Swift,iOS,Mobile App Development
E121,Angela Fox, Swift,iOS,Mobile App Development
